<?xml version="1.0" encoding="UTF-8"?>
<!DOCTYPE mapper PUBLIC "-//mybatis.org//DTD Mapper 3.0//EN" "http://mybatis.org/dtd/mybatis-3-mapper.dtd">
<mapper namespace="com.example.demo.mapper.PilotMapper">
    <select id="getall" resultType="com.example.demo.entity.Pilot">
        select * from pilot
    </select>

    <select id="selectByName" resultType="com.example.demo.entity.Pilot">
        select * from pilot where authorname = #{authorname}
    </select>
    <select id="select" resultType="com.example.demo.entity.Pilot">
        select * from pilot where id = #{id}
    </select>

    <select id="selectbytype" resultType="com.example.demo.entity.Pilot">
        select * from pilot where type =#{type}
    </select>

    <insert id="insert" useGeneratedKeys="true" keyProperty="id" parameterType="com.example.demo.entity.Pilot">
        insert into pilot set authorname=#{authorname},data =#{data},authorid=#{authorid},
                              url=#{url},imgurl=#{imgurl},type=#{type},title=#{title}
    </insert>

    <delete id="delete">
        DELETE FROM pilot WHERE id=#{id}
    </delete>

    <update id="update" parameterType="com.example.demo.entity.User">
        UPDATE pilot set authorname=#{authorname},data =#{data},authorid=#{authorid},
                         url=#{url},imgurl=#{imgurl},type=#{type},title=#{title} WHERE id=#{id}
    </update>
</mapper>