<?xml version="1.0" encoding="UTF-8"?>
<!DOCTYPE mapper PUBLIC "-//mybatis.org//DTD Mapper 3.0//EN" "http://mybatis.org/dtd/mybatis-3-mapper.dtd">
<mapper namespace="com.example.demo.mapper.UserMapper">

    <resultMap id="BaseResultMap" type="com.example.demo.entity.User">
        <result column="id" jdbcType="INTEGER" property="id" />
        <result column="userName" jdbcType="VARCHAR" property="userName" />
        <result column="passWord" jdbcType="VARCHAR" property="passWord" />
    </resultMap>
    <select id="getall" resultType="com.example.demo.entity.User">
        select * from user
    </select>

    <select id="selectByName" resultType="com.example.demo.entity.User">
        select * from user where username = #{username}
    </select>
    <select id="select" resultType="com.example.demo.entity.User">
        select * from user where id = #{id}
    </select>


    <insert id="insert" useGeneratedKeys="true" keyProperty="id" parameterType="com.example.demo.entity.User">
        insert into user set username=#{userName},password=#{passWord}
    </insert>

    <delete id="delete">
        DELETE FROM user WHERE id=#{id}
    </delete>

    <update id="update" parameterType="com.example.demo.entity.User">
        UPDATE user set username=#{userName},password=#{passWord} WHERE id=#{id}
    </update>

</mapper>
